ds,cpi_index,deflator
2022-06-29,116.75764035489048,0.8639995544919337
2022-07-06,116.75764035489048,0.8639995544919337
2022-07-13,116.90107210853866,0.8650609408892207
2022-07-20,117.04862262126925,0.8661528058573444
2022-07-27,117.20000723403764,0.8672730429364021
2022-08-03,117.35494128779928,0.8684195456664915
2022-08-10,117.5131401235095,0.8695902075877099
2022-08-17,117.67431908212374,0.8707829222401549
2022-08-24,117.83819350459738,0.8719955831639238
2022-08-31,118.00447873188581,0.8732260838991143
2022-09-07,118.17289010494443,0.8744723179858236
2022-09-14,118.34314296472866,0.8757321789641497
2022-09-21,118.51495265219384,0.8770035603741895
2022-09-28,118.68803450829542,0.8782843557560407
2022-10-05,118.86210387398873,0.8795724586498006
2022-10-12,119.03687609022924,0.8808657625955671
2022-10-19,119.21206649797232,0.8821621611334376
2022-10-26,119.38739043817333,0.8834595478035091
2022-11-02,119.5625632517877,0.8847558161458795
2022-11-09,119.73730027977082,0.8860488597006463
2022-11-16,119.91131686307808,0.8873365720079067
2022-11-23,120.08432834266488,0.8886168466077584
2022-11-30,120.2560500594866,0.8898875770402987
2022-12-07,120.42619735449867,0.8911466568456253
2022-12-14,120.59448556865644,0.8923919795638355
2022-12-21,120.76063004291534,0.8936214387350269
2022-12-28,120.92434611823074,0.8948329278992969
2023-01-04,121.0853452962152,0.8960243121858354
2023-01-11,121.24327458951875,0.8971929795093677
2023-01-18,121.39772749995014,0.898335921807594
2023-01-25,121.54829590959534,0.8994501190323632
2023-02-01,121.69457170054025,0.9005325511355233
2023-02-08,121.83614675487084,0.9015801980689231
2023-02-15,121.97261295467305,0.9025900397844112
2023-02-22,122.1035621820328,0.9035590562338358
2023-03-01,122.22858631903605,0.9044842273690455
2023-03-08,122.34727724776873,0.9053625331418889
2023-03-15,122.4592268503168,0.9061909535042144
2023-03-22,122.56402700876617,0.9069664684078707
2023-03-29,122.66126960520283,0.9076860578047061
2023-04-05,122.75065109636462,0.9083474754927382
2023-04-12,122.83289528036977,0.9089560775347459
2023-04-19,122.90930906359563,0.9095215349597463
2023-04-26,122.9812060451972,0.91005356832291
2023-05-03,123.04989982432959,0.9105618981794089
2023-05-10,123.11670400014782,0.9110562450844141
2023-05-17,123.18293217180694,0.911546329593097
2023-05-24,123.249897938462,0.9120418722606287
2023-05-31,123.31891489926802,0.9125525936421807
2023-06-07,123.3912966533801,0.9130882142929243
2023-06-14,123.46835679995321,0.9136584547680305
2023-06-21,123.55140893814247,0.9142730356226711
2023-06-28,123.6417666671029,0.9149416774120172
2023-07-05,123.74057275014317,0.9156728365161957
2023-07-12,123.84729165921736,0.9164625500597009
2023-07-19,123.96043528560024,0.9172998061269807
2023-07-26,124.07850458707242,0.9181735118952805
2023-08-02,124.20000052141447,0.9190725745418451
2023-08-09,124.32342404640701,0.9199859012439201
2023-08-16,124.44727611983065,0.9209023991787504
2023-08-23,124.57005769946596,0.9218109755235814
2023-08-30,124.69026974309355,0.9227005374556579
2023-09-06,124.80641320849405,0.9235599921522257
2023-09-13,124.91698905344803,0.9243782467905296
2023-09-20,125.02049823573611,0.925144208547815
2023-09-27,125.11544171313886,0.9258467846013269
2023-10-04,125.20041219928149,0.9264755611160718
2023-10-11,125.27554361924113,0.9270315291296096
2023-10-18,125.34224874517878,0.9275251430714234
2023-10-25,125.40197905875233,0.9279671438189578
2023-11-01,125.45618604161977,0.928368272249658
2023-11-08,125.50632117543898,0.9287392692409687
2023-11-15,125.55383594186789,0.9290908756703345
2023-11-22,125.60018182256444,0.9294338324152005
2023-11-29,125.64681029918654,0.9297788803530116
2023-12-06,125.69517285339214,0.9301367603612125
2023-12-13,125.74672096683913,0.930518213317248
2023-12-20,125.80290612118549,0.9309339800985632
2023-12-27,125.86517979808909,0.9313948015826027
2024-01-03,125.93496144145315,0.9319111815693428
2024-01-10,126.01261206269085,0.9324857915216462
2024-01-17,126.09721709594326,0.933111863706864
2024-01-24,126.18778603400692,0.93378206843094
2024-01-31,126.28332836967832,0.9344890759998177
2024-02-07,126.38285359575394,0.9352255567194406
2024-02-14,126.4853712050303,0.9359841808957526
2024-02-21,126.58989069030392,0.9367576188346972
2024-02-28,126.6954215443713,0.9375385408422184
2024-03-06,126.80097326002891,0.9383196172242594
2024-03-13,126.90555533007328,0.9390935182867639
2024-03-20,127.00817724730092,0.9398529143356759
2024-03-27,127.10784850450833,0.9405904756769389
2024-04-03,127.20360633728436,0.9412990779115004
2024-04-10,127.29540452087643,0.9419783789789563
2024-04-17,127.38430140467209,0.942636210601467
2024-04-24,127.47142109875182,0.9432808911263866
2024-05-01,127.55788771319612,0.9439207389010694
2024-05-08,127.64482535808551,0.9445640722728702
2024-05-15,127.7333581435005,0.9452192095891432
2024-05-22,127.8246101795216,0.9458944691972432
2024-05-29,127.91970557622928,0.946598169444524
2024-06-05,128.0197684437041,0.9473386286783407
2024-06-12,128.1259228920265,0.9481241652460473
2024-06-19,128.23929303127707,0.9489630974949986
2024-06-26,128.36100297153624,0.9498637437725487
2024-07-03,128.49189227578026,0.9508323167945013
2024-07-10,128.6233999137626,0.9518054654491304
2024-07-17,128.73563566497367,0.9526360032944455
2024-07-24,128.80803482687907,0.9531717527618184
2024-07-31,128.82003269694437,0.9532605362826208
2024-08-07,128.76046147421184,0.9528197127977935
2024-08-14,128.65574096403108,0.9520447872865608
2024-08-21,128.54168787332844,0.9512008012377164
2024-08-28,128.45411890903029,0.9505527961400547
2024-09-04,128.42668014721218,0.9503497509439152
2024-09-11,128.45655784887836,0.9505708441490395
2024-09-18,128.5106851075507,0.9509713826254649
2024-09-25,128.5550792818608,0.9512998968598172
2024-10-02,128.55601372650395,0.9513068116942804
2024-10-09,128.50206545322075,0.9509075976990283
2024-10-16,128.42110686952162,0.9503085090223838
2024-10-23,128.3450103214115,0.9497453991182638
2024-10-30,128.30564815489538,0.9494541214405855
2024-11-06,128.33028664391847,0.949636444785547
2024-11-13,128.41776662698348,0.950283791427406
2024-11-20,128.5560961434897,0.951307421575045
2024-11-27,128.73326190842874,0.9526184376380049
2024-12-04,128.93717375045938,0.9541273730715628
2024-12-11,129.154450048116,0.9557352046773263
2024-12-18,129.37063757666726,0.9573349794568378
2024-12-25,129.57125067496017,0.9588195043840585
2025-01-01,129.74181443978168,0.9600816660410629
2025-01-08,129.87331900145108,0.9610547919311603
2025-01-15,129.9710948243403,0.9617783271718485
2025-01-22,130.04279608786624,0.9623089122329599
2025-01-29,130.09607697144614,0.9627031875843292
2025-02-05,130.13825948068975,0.9630153356294854
2025-02-12,130.17340234572524,0.9632753907285945
2025-02-19,130.20371209553159,0.9634996810641121
2025-02-26,130.23137399996438,0.9637043775022526
2025-03-05,130.25957120680505,0.963913035146191
2025-03-12,130.30129001657923,0.9642217518430106
2025-03-19,130.37508089712765,0.964767799945093
2025-03-26,130.4995581804782,0.9656889243959842
2025-04-02,130.69304300772617,0.9671207005438668
2025-04-09,130.94831225995594,0.9690096777408334
2025-04-16,131.21313801008372,0.9709693724506007
2025-04-23,131.43071122270217,0.9725794012093212
2025-04-30,131.54422286240427,0.9734193805531497
2025-05-07,131.51475289281066,0.9732013045409729
2025-05-14,131.37493727365367,0.9721666773226129
2025-05-21,131.17530096369364,0.9706893805706265
2025-05-28,130.9663689216908,0.9691432959575693
2025-06-04,130.7978082185742,0.9678959568373635
2025-06-11,130.70487609060888,0.967208264649375
2025-06-18,130.71087296241285,0.9672526411420074
2025-06-25,130.83873733717536,0.9681988298667401
2025-07-02,131.11098788065704,0.9702134676031947
2025-07-09,131.51356492263898,0.9731925136327636
2025-07-16,131.9679637475904,0.9765550377564644
2025-07-23,132.38911968015623,0.9796715664650137
2025-07-30,132.69196804498154,0.9819126262491302
2025-08-06,132.80877991928807,0.9827770271316202
2025-08-13,132.77881044596862,0.9825552548217511
2025-08-20,132.6820858897169,0.9818394988912963
2025-08-27,132.59871277334042,0.9812225428172705
2025-09-03,132.60706026478962,0.9812843137546696
2025-09-10,132.72810047525192,0.9821800040717844
2025-09-17,132.91363305400884,0.9835529340565158
2025-09-24,133.11133947586555,0.9850159497519785
2025-10-01,133.26893488280712,0.9861821463364042
2025-10-08,133.3512373441795,0.9867911796274437
2025-10-15,133.36794328006164,0.9869148025536664
2025-10-22,133.33602122137845,0.9866785812289042
2025-10-29,133.27243969905527,0.9862080817669917
2025-11-05,133.1950880195054,0.9856356839652962
2025-11-12,133.13090118753962,0.9851607052482366
2025-11-19,133.1119484520914,0.9850204561396225
2025-11-26,133.1703579917255,0.98545268323901
2025-12-03,133.33720304949776,0.9866873266862932
2025-12-10,133.6087049249846,0.9886964243243694
2025-12-17,133.93908285583368,0.9911412012503157
2025-12-24,134.2800554918196,0.9936643783605273
2025-12-31,134.58334148271717,0.9959086765514008
2026-01-07,134.81092783758004,0.9975928019637702
2026-01-14,134.96587500257795,0.9987394017162238
2026-01-21,135.06151178315963,0.9994471081717882
2026-01-28,135.11116698477383,0.99981455369349
2026-02-04,135.12816941286934,0.9999403706443564
2026-02-11,135.12584787289487,0.9999231913874136
2026-02-18,135.1175311702992,0.9998616482856889
2026-02-25,135.11654811053108,0.999854373702209
2026-03-04,135.13622749903922,1.0
